pecha_text_id,id,text_id
tq039qcQ2uhBP9ePIIGcv,f6d382d3-bd04-48d4-9956-28c25e5e6b18,61e03708-9c5f-401e-bcc5-3d1abddd0c15
mtSRnf7rflUAjTunI7hKL,d9e82226-0ab0-454c-87e6-a59015867563,5b0eda44-3e3f-4fd3-8dae-3dd73a2dac52
eUIOFPy66eyjuVEIUZjPF,c4870742-2a1d-45e5-9558-159fffc85023,84ad8120-fdbc-447e-aac6-0315ba0b040a
P4rtJBlE4hLKy6mgMmbqn,d524abd3-99e2-4f89-b3b5-094fb79e2b71,957d81c4-af0d-4e5c-b062-04e6ada0e2d3
LTk08IwbyRwoPfVjtIeoH,35fba398-bf73-4507-9472-13646046f23d,9f51f99c-204b-4250-9d66-60cbfa4d7323
actKtE32eodNU7dRry9Xx,c0112d33-5f8e-4128-8399-cdfa02e972dd,b3eb5f9c-dd1e-47b5-b73d-c57753fc031e
rs02tl3E89TH6VKVhI8bB,45930e9c-954d-4ddd-9977-34598d9367b7,6a542acc-a87c-4654-ad43-6a7b7372746a
kArfsS3PWvd8Gi6y423lq,7b250b07-2317-4782-9ebe-951712a17bb7,77c0e76d-988e-4731-b032-c1fb349c5282
0e3wcPYsJOZR4jgDKyjs2,f97fe865-68c9-4db1-b540-7bed3a2554bb,f6110857-3279-496b-96f8-dafa3ef9505c
hbeqKUiNHKjSjwCPlv9Po,60ea60e1-c9cc-4074-a7bf-f08c64ca76e6,6053ab95-67ac-40ff-9527-37ecf07bff76
VcFjdSPmdICgqXDc9gARk,8fd30c6f-ad0a-44f6-8445-7e0ba26df523,f42dca3b-a253-4794-9938-4a5eff924d33
kCLRgoZVhBdCtShgqhO4m,8c7a1dec-35f2-4989-8e03-a075bd424a05,b4347e51-d8f5-4dc1-995e-5b183cfe07d7
sbDN4VbMbjD68P2jP47om,0d4c2055-0883-4e08-853e-88c6c16e9e00,43eb65cd-1de5-4ee0-90f6-9484027dd059
LwgK4mcOc3pmNLOPxzuw0,1a626e19-aae4-4639-8a83-6cd63e640c16,0f28d4f0-fbe0-459f-88c1-b50333314a5d
Jos8EKjWR2pQWBXn7XKP3,733d576a-ee87-4591-9911-841252c9a79a,ca4efe3f-ec10-4404-99c2-e475029ff6a1
a7sy5JxZCl93GDnUiPMNn,c88bcaff-d60e-4169-ba10-badb8f750d46,ab2b4496-6bb1-4d10-a70f-5a34b4184e56
Lk9DA6FqI2xTnWCs4vyzO,8413f554-8935-4996-8a7f-5c611c1281a9,e60b2fb6-70cd-411e-9f6e-998a74bb952d
iAsZuTYGjdfZyIJXwT09m,0c14fd74-dc89-4154-811e-a3664f1d18d6,d6528028-b06c-4cae-9e4c-9cdd51b18e86
h9QrkkUoEGlDD482eoRqT,dc3c6e84-0c54-4769-acb4-e01273bdce81,b41b9454-5d8e-4611-89e1-e6fd48402b9c
Hhrc7tAVbPiC2uDWduOLP,13bf5d4b-498c-4dbc-9d8f-c2d384e75555,b66830a4-8c46-45f5-b602-469f7f2652af
MgKSSzmB21iRYLu7SfsgX,d4c63895-a02e-4a0e-b9c1-42f88ba8908d,38c1d3f8-5063-45c3-a3d0-81e56b778e37
SzwvtmVJUjQKOvL4Kyfj3,a3172552-8a82-4b24-a86b-b61693e0c127,77b9321b-7538-489b-ad46-5504aa1d0d98
a54egbpmLfjMqguYjgr8V,bc1a9e26-f3e9-4b65-887f-9c4b1575de1e,a544a280-c01c-4bd5-974e-0769a2c15838
KRtszmS6H8eMa1ZCO1ezg,c5ec9db4-202c-429a-b087-80001b9bc9bd,1e354dbb-0032-4402-856a-a7dc2749cbaf
lj7ltzj7PhAiBeFaw7C5C,1bc1366b-3ced-452c-86a6-4fe8aac4ab43,27438b9a-89e0-429b-906d-629920ab1428
VfCRJkCFjTcycLCq76k5y,fe59f0b7-7114-4d5a-a822-9ee20411493a,205be74b-0542-40d7-ba92-26f8c051cfe4
seM9u27asKYlcROdhoVqt,d5814d33-bd10-426b-9c06-0558c8cb85b4,4aa8dc79-0ac7-4396-8f58-ce6fd7dcff78
SPDT83tF9mNaSnTLWX2Xc,ae09ab5b-4a1d-4198-9cd5-be946f315bed,888731e7-f54f-438d-be91-f6e39b3d912b
bo6kYKiqATONrWGmlIir4,23505710-ab71-4232-9bec-3aa0544e8521,ae176ce8-0fca-4e55-b45f-c0ead4237377
W88MN9yQI1MFEIQruU6JN,96c42887-b975-4697-aa29-2a8d2f4862eb,bca5e421-803f-4159-9aee-878d39e4694c
e8QeqLtX3yciSiBrLUf8o,8f12c7d4-94ba-4f46-93df-b791eebf9605,93fd7898-3717-4dcd-90d3-21c892ca1097
uXOKG69ohnlH94vCbIFB0,49374291-9b08-4251-9a24-019d499f1717,8aedbea1-9bba-4597-ad26-84ed07295313
gXCk5MQjzS8NDn2UCwe7T,e67b9c57-6a8f-4f86-aed1-7d2be68b58bc,535e076c-ba75-49e5-88f8-9b76d546f0b6
LxuZ66O6ACBTF87dUAbMM,d4ffa6a3-652e-4458-a59f-778541b36f88,82fd0a77-e7b1-4498-99d4-39b28270e12d
9M8TfAWQOo0xtmNxbddeH,72242ce7-6ff8-4c61-a815-2d5a1adc4421,5b318d4d-524c-4043-8426-d18dd70d0c68
WCuBWaUcJZhaaFpCOBtTu,8b93ad79-2fff-424b-bf07-a56f0afa3059,0e6c5748-0643-490c-a16f-cdec2dab682e
WbwOSMNhRXazhoeMaOKsl,d855b4aa-7059-451e-847e-8804cb43f598,f9ac44d4-c053-4797-98fe-441eabfce4e6
sEYJf0XbBfv9173wEzzde,87f4aff4-6d06-4f57-a55c-b6e813b91b5b,7ccf8d47-eb4b-4670-8453-5cb080adcb21
UE0ublA1e9c6T0V2Ns3g5,4dd2f184-93d3-4612-a6cd-ae1d5a1a8ba0,db2cbe5d-2293-458f-808e-dcfe3736a32c
ZAOfFWMZlcfM6ONNNvGfC,9ae0c19e-b258-4604-b98a-6c254644d00c,bd620dd9-4f67-4e80-8091-2f126aff110b
7sYzbFhcS8Vd6tpoFKDtt,b56a76aa-48ff-42f7-95dc-f2796fa2a28e,285b41bd-bbe8-48a1-8036-e7b2255ffda8
pBWWOsfc622v2pgF1rt6P,490c8adf-9f1e-44d3-90da-b00b187b66b8,aa130947-0c0c-44e1-9eaa-f91afa3d0677
DfLOYmutIba8DG7YAWzzu,80f9834c-e36c-497b-909a-fb14d18d28a5,89202376-0b4c-4e82-86a4-787f297d3167
yLUotgLGkTiD0FtiQma9G,301f03e8-ee0a-4fd7-b10a-4d08e61c6aa4,6e7404b7-f5eb-45d1-8734-43a6cbc491f8
54Zic8xtBIaG1oUM72Qcb,6c8e5aa7-df24-46ff-9f09-c33dab78b068,29518ec5-9a9f-4a7b-939d-0482b0979607
orf0Ch0mNv91NVa3Yf38x,ae19c1ce-2d97-4741-b79b-fbaa1b4836dd,fd14c8ab-179d-4185-9b13-726139b184cf
ezg9KrCoVdpnzv2Z4ovqh,0a89b8f5-d34e-4710-87d5-1e328cc6d88d,72226e01-ee13-44ff-953b-7cfb08de895b
IeCCboWWhD9LEjyiD7KM0,c4883e63-c044-481b-a20e-86738d9544fb,9d081628-e01b-4f8d-8843-e74d00a95c41
WBcWUdp4FKC1a3FkMfhjB,833b16ee-feaf-419f-a8ff-d11b0c6013c8,3b3e1b83-e32e-4401-9bd1-8c786e193dd3
CbTcGQeZG6YUFdrzM06an,f5a7414b-90e7-4969-b24c-1bd2cf10d57f,6c5c3b1c-acc3-40b7-ab1d-87ff518f2605
0nmb2RWKyBBB5ItNYUOpZ,de61f3a0-d033-4d5f-850a-1cd2f11e3c8c,f3358da7-75e9-49f2-8529-65bb9e8756da
aG82m5L4WiPNl8zNJ9cTx,9e9473ae-623c-4863-8b88-78a4ca27bb8d,94eab052-40a2-459b-8fce-f40acc05e31f
5K867xTkfIhNXRZK2UJU1,09bc7188-7ab2-40fb-9ae3-b688ea629404,6ca3148b-ea2d-4b77-a39b-c612134dae76
fWTNx0kKIPVOCm1wUsCBG,10a397fb-a92a-43f1-8220-a579db192f9e,c06960ad-2fb9-4759-8ee6-a3cbe8d405b3
p1W5ZGw6IpE3qbS4C9Fwm,4b5af88f-5d93-401a-bd71-490968d5687f,c4ebe23d-71f1-4fff-aa98-9ecae138908f
cTvNJ37mrJzZFxdFI1rIV,7445630d-8f0f-4669-8c57-748e0d45e353,aa6c9143-dad8-4cff-a91a-9715f43f9635
TKkRXNV6BTnDhcBWUxLA2,fcb0ceba-2826-4e75-bbb5-7dbaddbc1928,80c368b9-984c-4dc5-9b22-f9a91b607a93
QeokHfi3IxCtXQ8beITgg,553748f3-655e-4020-858f-31d564691346,244e6116-2df1-4cf2-8f44-e09a11ca6b47
1s5IWgxLDzJOQw68ZyyC0,303e7151-19e3-4005-9749-f82cf4bf9541,36dbe4bf-df54-4c38-9de9-27955245f2b4
zj3qdU77AFzibkJ4HxicB,3467b590-cc82-42b5-9ee4-ee2af1b1cf56,4384a2c0-75ff-42e7-9f2a-26465ca62fe1
lY3D1J8arJG7Yh1WuwkT5,e9205f33-64c2-4231-a7f4-36a7a9057767,c0c55697-902f-48aa-98cb-46ce1891fca9
KxQzbCFTq8aD1LT5kyztm,82e4dded-e015-4179-ae32-d3613fc72caf,2873d178-1ebe-4db4-b2f3-f8ff8569373a
2bkw52t1QrXyIWYHFoxVH,187ae7b6-d00f-46ac-a009-1c18c3a84851,a433e187-fcca-4147-ad0c-8d34afb5fea4
GBoghLOddxolhLXYkoUoB,55e155c1-f151-4527-bb60-cb803c60db90,cf11f210-aa26-4462-b39b-5d1e1ca52c7d
QrrCsdvFYn0hhICQLjuf6,423a6656-4bf1-4ec2-af74-162b8c89d7b1,0d6686f7-1d98-48fd-b3c0-d87ef429a885
yo06sE6upkuPNHA3eJGby,521f2641-79c3-4381-b03b-75887e0916ad,d759d0e0-40e8-4760-875e-c60f3d94cc1b
3CE4T7KuMJk4Np916v9GE,5d1cc84a-d9ef-41e8-91e5-c8e5a9489583,0563d5f2-46bf-4d2c-87c1-2bb2d26a02af
TUahQwT6Esb7Zioj99bKd,b0cc3483-1990-4d52-9865-d9135f0f20a5,720b40c5-b17d-4adb-9f47-298b12f7dadd
gjQ2rNWF1niiI0IJI2PUG,7bb8f56c-6dce-447b-acd1-900356e1dc06,d5f62b22-6f39-452f-8b91-c02120285191
eGDGvB7RIn6gMaizwhvIu,0f554aa6-cd5a-449b-bf4e-d54eff466c8a,bc84497f-8b3e-47f6-90f4-6d25fd73c40a
S8ffmS45MR67B43GroHqI,52433222-e845-4a9c-a222-bd26eef59fb4,55a340c9-2892-4b8a-9c86-55eaad31fceb
DtVHIlNohPvbM2LPgLNgS,01d14191-8724-45a3-9003-428a0dd3d169,cc7b0243-ff5b-45d7-9d9e-085ce76cb1ba
UkdCKmc19409kTffUwgDg,1d2599a7-f479-4991-a33b-49a1a6347f72,cc663f0c-226b-4676-bab0-9a5ea6ef437d
ca1YQ044RTGdEL1OpuxkN,3eff0b20-867d-4f01-94db-43793da578d0,2dbf301e-28d8-4b7b-ab10-f3d0375c8c8d
LabA9H2IVpUvJ0sJl5tLJ,1dd522db-f81d-4623-b879-62c4b3ff6239,afd03737-3af6-4773-a9f7-94c6024b46c1
mSfDLqTo91XUBADaZyU8H,7ed8e3b5-d94b-4a98-b187-7afbda7de051,fee1cc34-d87f-43cc-b5b8-0a0f290e6c95
U5f7ICfguUZXayWpoU7fa,d5a5fe06-4a68-488d-8cbc-c899902a5549,2da6e2dd-a53d-4ace-b7e3-72fbedd289b8
yR2qxQ7wmym8b5q59rjru,15a555df-1ce1-47f9-82dc-54ab4f3bd8e9,baeaa2b2-acb8-4cba-900d-1736d00f4858
ZKXzMuRdIkOHi4p8itqy0,07f7b8bf-c657-4bb0-b9ca-24fcb54b3d7b,30bddd43-ac97-498a-83cf-43189eb38632
eV9QdkZQqnL4ChCGKsl6p,8f23ad2f-8e5e-4ae0-83b5-c2de5e455be5,97425b14-912f-40ae-a7db-62f2462a33c0
Ma2fLZZaE0EKU4FHsOnCi,2f7f14b1-e686-4f0d-b407-817c7ec6a9b2,e4b6fb9f-0a8b-4aec-a4a1-e39ec253110d
7ODeKN8v1RvJXj4l9uIlx,f4a98235-08c6-482c-913e-8a839121621f,15f59a19-786b-441e-b906-cef5c04f7a90
eK4Jr2LncjzNrrSCH76QR,c930cdeb-42f0-4f85-a7c3-7c3fdc86e6c1,59dd07d4-66a2-4ed5-91d0-100d57333ebc
jRxQyrlfhhETLNd3S907W,a572c772-9404-4c66-835e-464b828a72e1,54cd30a4-35e8-42ad-a2c3-28fea7f24a2c
Dy1YWa8vi9WUIU6zkmSgJ,06a92aa3-bebc-40d9-a284-b209fb2a1ba3,03f0a8eb-48f2-427e-b237-61b4fbe01c80
U4PaNazpnvypJcwgCG4Uh,d7968af7-c2cc-47ab-a361-7b2633070fa9,d1894d70-9345-4af2-be79-959f3b225587
MhAsxp6yEWOqioQCPxzyH,c73c0d2b-d384-46b4-8a96-cc26d39597e4,19e3b5ab-f1ff-4c94-b75a-9360ef7961be
iDKPoXHDGh4xyFH8jhYRp,14db579c-8ffb-40f4-a99a-cc1f012ad85d,c8192fb8-6449-4f13-8c7d-f6bf50386e4c
RSeCrv7blZMp6eCmF4g18,f7537b45-e42e-4f57-952b-fdb049ba1c69,1db82995-e631-41bc-a99a-e01bd05330c5
NirhURVGRd9XtNpgdMhfE,aacc3cd7-7698-47bc-9b63-74f626477554,8077f7be-a635-4b19-a89e-afb28cfa6590
KOKMLzhvaSw4rxLRr2mUv,acc7fe18-e984-46e0-ad55-37f98be6415d,dc6197da-2872-49e9-8aa6-94df0b488d97
dSRul9FOSl4S1fmZCWyEO,fdf2a4b1-6fae-4b7e-afb3-c1b260c3eda2,9aa98a85-adac-4898-8764-53fa8d3e644c
PjREQ67oGbiuDWLRmN07d,4b2a6f24-d667-4ab7-a422-1e6616dbc7bc,c510ba69-5b4d-4b6b-a74e-867b5c69f916
vGJTfC9a74zGQtNIVWZp2,08554a4d-5321-4048-a89b-1d7c3fee0b40,c9bd3ca5-aed8-491d-90b1-90a0a52c5e3d
pe3jz7haOLsHaAvt5ZabM,69cf4ab8-e5ca-43fd-ba0a-97f6c9aa9287,ef046650-fe95-4fc3-8562-5e894433a1cb
bMVXqVVBBuJjwijKi3ZQC,8c7787a6-cf59-42b7-a78a-d9495a3b35d6,c685495d-8be4-4e1d-aad5-6b2ba0c2a54a
AgyRGdh8vPcJ9F1kIxesl,a7ba5a69-6b52-4d1c-abce-6b993de360a0,9b5afddf-9834-43c2-901f-3be21b3ebf2c
HudYMh56zmNUMcCJxpkVZ,9053c005-c87f-412a-ad43-8b008022a2dc,8a337b57-3022-407a-8a04-77857d9519ff
WbrceifDKDboOF2tXV58N,8d187df5-fa50-45d9-9160-e07cb18094e0,890a3bf1-2155-4f74-a22a-9bb3a9bb10b4
BbJLjaWcpnPK7zNiBJWrA,2cc0551b-6867-4c15-8580-71a197013fd5,68c62786-a077-4622-a426-68e3b52bcfbe
nWLt9kBcHqJUA9sdRsq7C,abd14826-e91e-4af8-9260-6e7f92b6eb1b,8dbe7e0c-ecba-41c9-9bec-57bb26abafae
4iBbPGkfdtvvIpiOaylts,f5201cd8-b7a9-467e-8681-2445b936a140,d79ddf1a-885a-440f-a8d9-bf6981b2701b
h7lamyKnVF1G1fSVwKGUf,ef96bb15-ec57-4b00-ad51-f3f64148641d,f60938d8-c695-4682-be56-788570362fc2
aSB382BhLd0Cj54u5H18m,624d972e-9cd5-4873-b0b2-301e0c79b14b,b30c441c-b761-482c-9530-5bfb8cd55b98
gC0xc4dusWV5z1SVivKd3,0d300841-c31c-4c8f-a013-c5ab6a3910b2,a19b0b1b-1c30-4879-85a9-bfa16ca93e67
tyjf1DPwP373siFQNue6S,95dbe31a-eb69-4e74-9152-d3b352932263,f01e57e3-6152-414e-ba07-e2c742ec1ce2
4uvifHyaoiociZhKdrGFt,565df8e8-85d6-4cec-ad15-9b49f68ff412,4b27b035-15fd-46ab-a2bc-c77c65a68d79
vb34oKSiAXXvmZHZSF2Nu,0484dc53-c15d-4ea1-8c1e-79506ff3dfa8,12e21cfb-08fd-48aa-a09f-55d6076d03d7
3fqRb082SLYcLoFMk3sjO,78f4cde5-7819-4bca-8424-82da114e2acf,3bd02a6b-6a73-40fb-b4ba-7c752fef2011
JMZa47Yfj3k0fn4YGdMi0,3555ed16-78f3-47f5-8793-4dfdaf204244,eccd83d2-aeab-436e-b130-29d3059b5c8c
eplDox4zTN8QyaYBNaFQw,8e0f4ed7-b44d-4a6c-94ab-61ec71bc813f,68901ded-ec15-4c8d-b588-7bb4921c0c3f
4IAoMUaoDs3pcWA7OJp6s,77884693-9549-47c1-b99a-d9d459d40388,e787aaa6-780b-48f4-aadc-242e45dc7fa5
THnmyudq9lcAI6ruWunhP,4f7383b5-746a-426e-bf4f-aba28db47141,962985cd-676a-47cb-ae18-7d81a691a093
hplS8X6pO65jPcrF4BxYo,11c83d9c-5481-4c9a-8c50-543632a35dda,7ad8deac-8904-4a63-8e07-7d51fd3dc596
xsd3isLUD8rnemu3eDIwt,5112133d-b13b-4362-b7da-5a4cfa2eb7d0,8979093f-1a18-4e28-8c7b-4e94eef80a52
gmbkRhXRRAp8A7EdVGGQ0,0c885a71-e852-4c27-b77a-37c07f32e609,277b15e0-ae15-421a-9a5e-389f7ae92a99
gS032AjwID05bJaaFgpv0,1d859b02-759f-4903-a9f2-f55a49d4e29d,2fcd6b77-e6fd-4c8e-8789-f2af280218d5
ZbAzGb0qM7dXkHXvmvECQ,ea447163-734b-4af4-81df-192a6c72bd67,caf85080-887b-4b55-a00f-ec3213ee714f
8W5200B7GYKLPls2MJQ4k,1dfdc072-8a7f-46a0-9a48-04d0bf4a7420,1c6bd2a3-3a64-42a7-b7d7-e0a6a5dbbdad
bTtFmDDHKObwR5QVSNceT,bebe10fb-4518-4cbd-bfe9-9433b186071b,574b7ff6-856f-48ca-aa8f-e4534bb663c5
IQrKlvmYPYRvXYqseJ8bz,46c2fd6c-d413-43ca-920c-4145cf0740b7,3bef121c-1696-40dd-a3c1-8e88e891d653
obYdjG0utnXH38LpUHA0S,2a139246-cf17-49b8-9c04-6ddbd0315872,9425c882-b899-4543-9b84-aee96d52b68d
7JKBRIIuxQ23lSfKV8G5X,4fe218fb-c425-42bb-95b3-ae9b8ea8e161,8914a874-39d0-40dc-b590-10f93d075e47
9osq0wtz9rmuVp2TcXTCs,106c7a17-4bff-41a2-8c45-16d4f630f340,bbdecb8f-3f9b-4549-b054-bda068e633cb
VBQy9TowZTNUEdXK36j0a,202c408d-d448-44c4-9d32-a9bf5c779c6a,212354a6-3956-49c3-aa20-119596d2fe4d
8q4j6qBE7YTTXZnNIrbwy,3f2905ec-a7df-4654-8bcb-58ed8a643d45,744f6ae4-35e3-414e-98aa-528192ab1617
Eesa23CmXF8rp8ak48OcH,0a0e9d76-0a35-4d8d-a233-fcbcd773ec5e,b263298c-0977-4335-a692-544db322805e
Gyh9J4kMX9EgTz63z5257,40cdaf7a-3e5d-4127-81b6-492a8a348a3a,875a5046-4c6c-41b6-8612-606e5729bec9
XfU7wTE9ffBw2TigC05F9,7bc96bdc-04f3-4d6a-a3e8-3a19c4966eb8,fca672c9-5ad1-4cc1-ae46-c81bbb3a2f10
o4RHsifDobkDGDOnonodE,5ca600d0-102c-4dd3-adce-7249fa448b23,f442f9ee-b688-43a2-a006-963d404e839f
p3eJu8AtZoncUMhIaqF8X,132e6410-7d45-48b7-a616-082857361167,d685fc06-b641-48f3-a804-0c54dcc1cf79
wiOUohZJgGjoXNrhtKpzp,702644a3-f8b9-4cc3-81af-9aecbe06eb8a,0bcff544-5133-4837-90f9-0457c16470c8
W3JxjXuRvYOl8wBm2sHhL,6433465b-6908-4bd7-8505-4ee257c48070,501e5cad-b819-4e61-b7b6-b3787becafba
svipiGzVrA4XxBU5dubsR,12eb6141-e342-49a3-8ea7-d8baa5d936ce,c595de96-21ac-4381-90ba-ea13b7de5421
ZvmUQNf34c90p8OSH1SM0,b529b3ad-090b-4607-a88e-6340b350f86b,ea49f730-9f8e-4596-8b67-b17c3f04c6e4
ViwvQDo7kzPw0cITBrosU,e618634c-aac8-4676-b71b-e1663555b3ef,a98a10e1-1547-4b0c-b900-af758dfd48e4
fwTWMASPUvVxUcJKiFagx,5068d55d-bb86-4964-8538-12240eecdf47,b30cd123-f369-45e0-b79d-f8f16b4812e8
ZI9cEw1fg63oWl2Hz7ZdD,334189a9-1e0d-4e18-b4b8-205808ac2d36,d5db8e84-b986-4432-bb67-1e2b7e03c0c0
CqyxIWxwJ3a2ZE53So3E9,b2dad2e3-b0fb-4de0-b87c-6b08ea0a436b,a0372636-43ab-416f-928b-e2a0887c682b
CedeEez7m4dMCsudzT0Ky,184b0145-4172-442d-b192-012177ce1fa2,fccc1010-abc7-4ef3-9b52-6cc475de136a
T4pPve4cYw16sN45sG2X7,c67bad98-341a-4829-951c-84c37b9723a9,7f202769-b14d-486a-85e5-32aa1a183a52
jmbEuTjIztkKu7oLQYyxf,d75dc9cd-8466-43b7-b237-1d02731923d1,5c2e2d7c-58e3-4c35-9a84-da0cd316cbdd
lXUZX1Rs4yUqkVWwA2c1w,6f82ce91-139f-4291-99c9-04037e88bd90,10e1ce07-00b5-4417-81f9-5b1e30c55187
qr697603kcPyb2xqfn2kn,7fdc2d18-11b8-4936-9507-12734eb618f8,5aba3b30-bb95-42fc-8844-4cb340fc1b8f
70kzXHNQC1fogqFzxcvsy,55e0d375-94db-4f97-9ae3-128459ffdd36,9fdd2821-b147-4216-8e44-647270d4b504
csj6SjaxhIg1ecORfLASD,eaa873d9-f121-4ae4-8455-f7fc1d1e9bac,25d367f6-fbbd-441e-a273-bd71faeb62c9
E31Vs82Addl7zQVuueQhg,ad7f4d72-ae3f-42ef-ab2a-789f76862c8f,1accbb94-99ef-497c-90b7-c72dd8ccfc89
KamlHZluLGDPN7Fk9l9e5,97a5d3db-c54d-41da-b3d1-46904b087863,49198bfd-1f60-4517-8564-11b441f50e29
5Juw2fOIdCmhlOTw1gI8x,9de61273-8919-4c30-9fea-58407ffdf16a,f8f0f63b-9dbb-413c-a466-b7cce5b41239
kp48tUOvzOuhmgUEb9daB,9be237c8-b1bf-465e-9da6-6afc72bba80c,3ec4fe63-ee4f-4e7f-b12c-64b8eb33a732
9sxbv8KZDpgKInPjKvSZH,20e5f335-399c-4ada-a479-dfc6e3a3a06b,0f8490a0-dcee-4f76-9f26-f4767f3835ed
M8ggv3WAX6yKem1jVhuuT,de1133ed-a928-4d53-982c-301e82093485,a17965f2-4090-42de-bbef-ceb385bd0ed9
RT2LXAgasrXr9ZHFZz2c8,a3d3ebe4-af4a-45b9-81a8-ac7eb8b68233,59acc603-561f-4c9d-8553-7ed631ec9814
iT7aQ3BgzbQ8fRoAwm43M,9b013277-733f-4b94-84cc-e96487810003,a88ca9a2-cf11-4096-be80-f419f1c1cb73
Y46dmsFqIKHytW1yRpFhR,0ef5b552-620a-445a-8eae-6c85a29ade3c,c0b133e7-234c-47be-a664-6cd9102bf315
q4sSkpGYe83fXHRFfswrj,f873d757-1ea7-48dc-861a-9aa75306ae37,f3e69448-08c8-4873-b915-76caf60b2795
dfuTvopTprmRpoR6uR2A0,5cfe65dc-9c0f-4adc-adb8-791889c360e5,0974ce68-08d2-4ce4-876d-13070f46a907
cVNkCIDACKomz3goGsHEZ,d4a15577-7d5f-416e-8198-ccdc3f2d0f00,600082d6-582b-44fd-bc71-4f7fd208c930
pCtZTxmIopoJICI4pfxvX,121a39d2-7210-43fa-ad87-d68bc7176166,8bce833f-a305-4e44-b63f-0cace60a1ccf
MF9ODhljPqu7PVzLHJPbg,9de54987-db01-4f60-84ce-f5fb681db8ae,e77e84c4-1447-4368-8883-500c260d3e29
Xrqq0snPVDfneudygHCBZ,2a29aee6-00f7-4515-bba4-f8e50fd46c63,487cf74d-6860-453f-b2aa-65e4a1e9f849
q2GTZdWf7nO4y2UTovBLs,456a4710-12de-4bb0-a2cb-accda285f59b,6ec23e92-3204-4c1d-bbbd-2cc0477a8efb
Cs9bkuFcjWDpoLZKbqfYf,4bc7f093-9206-48d9-a447-d04655c8d00e,c8d27aba-3972-47ff-b206-734a1471fa7d
wQXgl6dChl6gzYld7co0a,d0e04d94-c8d6-437a-a313-160e7bb0d946,7b934efb-cf7a-4e23-a443-bc13d7ba5ee0
mAlnf6WYlk1tWD0FroQy1,53847bf5-9b66-4a4f-84ae-d6728da80c2b,facf58d0-1aa5-4629-9bcd-86068f1066e1
2pgEviYDebm8uxIdPdkMi,43a978f9-2281-4207-98b2-a4d1b419170a,1f4352c3-21d9-47b3-a41a-e551f7a3b71a
sewRKDInNlUZ8h7WIWxtt,92984635-a8b0-412a-9fe4-9025d6138c59,dc6f6735-9347-43b1-ba8c-764049bfbfc9
t5RQWeq2TOWXe7vg2TiP7,ecf07844-bee3-4b8e-b4d8-63e23348dd5d,220cbbdf-d630-4820-b9fc-1e156d043878
A33VTa34aVA55CnjnOMpP,896cbdb8-7ccc-4c8f-bc93-a78183eb3695,31bb3af2-bd35-4380-865c-e23f334d36f9
EGxXwmU2BDvjoihKjnLDW,230c3999-4840-40ed-9ce1-be1231546136,6c2c3f61-d6de-4314-97cf-a101e9615e72
ke7OpW9N56iDgaUFOIhLv,707d05c4-42af-42e1-9ca1-398c8ef77e88,b8d470f6-dfa5-424a-b0b6-d3889cd124a8
nKLftwWbvswD7ZwRqZl5z,cc05aead-83d2-42c5-a3a9-28ad11fb3dfd,b9abfd71-0b59-4736-978d-0f72537ae88e
rNg1WGrV4zVQoVdGv4h1L,363805af-a090-43da-9286-b19f4824d217,285e55f6-05f6-4844-8653-52686e815a15
mo43kfRd131eyrCIMNzlm,17ea9c1b-c267-4e9e-baec-5146a0218d8f,96625053-dc79-4715-954a-3a94aad4f67a
VENZEQPdsic5XAXOEWDIL,8d3d9272-fc6c-487a-ba0d-f1054c5b8b12,89b03532-ad6d-4b6e-a410-5f6dea8e9875
WWvJE60KfiJqSqFrNzO8E,c401eb25-7aa0-484e-bd43-1c2db3c42013,9452612c-c832-45cc-9f54-f71f131e14ad
leUv6f8pkflkArG40j9Ha,52ec4ff8-427b-450a-9dad-6252b3421569,e5fcb6b0-09e4-453a-9ab7-eaa81be69dac
mJVCtbeXvVGFfHoku7pct,581437d3-ef94-4c86-a833-8b1c893f43cb,c34ec81f-cc6b-4835-acc9-764190221fa1
hurFluEnaeQL8SzXg6Lpe,8d8961c1-44a8-4ff8-8443-7cb02754163e,3308b0b2-8b02-4f14-96d8-d4b75e4e3118
I9qiqigKeRu0lTl4Jubxe,78096dd3-593e-444a-a887-49ac67de5e7f,ed386ecb-915e-4333-b75d-7d9edd3c8e7f
26YYNrwBr08H1Y9i3wHg9,62ddb2c9-8282-443b-96e2-6b98109f0283,fb4b3497-dd60-4e88-ae85-5eda9943632f
4BMxvaSiqPw5CtvbOSgwn,eeb3cae6-f45b-4349-8981-e780566dd497,58c88fb9-3f46-4ac4-adbf-227cf15e6c8f
l80mC3cJMm9XtZOw2eat9,fdc3bd81-fed2-4ca6-8c2a-749e83e3df21,733815b3-366a-49c5-acf7-85d68e645001
3HRtJihraD5bXgAooIVAv,fc3edc09-5418-453e-a4f3-ed0936adf12a,0bb20e56-7690-43c5-b8ec-b8e0c58f7e70
5qV81zK6My6UHHhAumi1y,acfdd76f-9d48-4efb-a780-e344c2ac2f78,b0b20d85-1def-4e8c-a06c-3b659dfa5cf0
S2oQr8hLkUlyVoicjL7iF,b9819be9-e6cc-4c76-af5b-31204cd947d7,b4b86662-f177-46d0-8b67-dbda3481c76f
9vDp1SqPbfrvu4aXffh6m,b995d676-60fe-401b-815b-7841b1ad7ca5,9a509be9-c092-4cdb-b393-f0466978dd6a
4W78FDsvefk6dODw8ydeW,5c1c0edb-3425-4042-a944-e6767482e71e,6c5038ab-446d-42c2-b818-5b374dc9822c
QJw6vI2e4DA7ONJi9LPyb,5935dbca-a613-48a4-805c-192f4052e5a7,2fa108e3-07a8-4c73-a825-460ab786409b
DzXuAPPWyIqynbRbh1Nj0,6051d2f4-b12b-4723-8798-92fa32786440,bc957e70-d6df-4b25-8ae9-de24de10a3c9
9e7aEibLbu3evG8WYNRdo,1d17dcd4-d052-4f11-90ed-5c0e9e803d10,5d37665a-ea0f-4bdc-abfc-8ae326a5eba8
3uTIhgyjbwSj68uNTg4IE,62b0a55e-e964-4632-a071-a51b1784e1e6,b2a44351-eaf9-4c87-b2d2-c2108f327efb
gxkpf5wkq9ZFPVOhnxp6P,0e6d803d-44ed-4b7d-aee9-d9294db225c9,b37de919-88ea-4d84-adc8-f9bcd0c7bfc8
tgCCwD2k3myjXTu9pFgGc,d8fd6a7c-95e8-4a73-ac43-b4ca041adef9,280e20dd-dcf8-4a6b-b0e2-ab8ddfb46ab5
P311ovLHESqq5dn3lnM59,bcaceda6-44e0-4c04-8f9e-3e644191b40d,44d31048-bb11-479a-beb0-c738ee5e1e7f
VPegZoG7OYPNaz5vLg785,1b065d22-e052-4835-b260-202649e5ba33,78147707-b6b3-487b-9595-62edc82f6582
IDJFrEQO7UIuynuGSbunn,1fbabbcf-5338-4cb9-aac8-187d9ddceecf,be100d6a-b3a5-40a7-8099-6b1f3b96e287
0fGcrfhF68yoZjWsTcOCR,7dab5bf7-ddbe-4dfb-8cce-7b2da507b145,54721602-1390-42aa-a7dd-d3899cca6bc2
E8ycgqOPb4BtgJHBU9mcQ,002b45d8-065c-45f9-950f-23e49ba1d488,8c754a44-c4ab-43df-be73-2e43dfa8ff27
YUxNn2DcW9HwtvIyK0vH4,04a570fb-7ad2-4870-806e-301111919ee6,a04b311a-654b-48a5-9600-5b79e37c529d
SOordujHbDJE3LNR6Affv,4bdf83b1-5e14-4ca9-bc0f-7c55aadec989,f4d8990a-2471-47b3-afe1-24fbd59d13b1
EFN4ITwQp82MKaPxkzP5c,ff105808-43bd-4012-870a-21f2405e656d,62c5f11b-53fe-4bae-b054-596e8e09bfdd
q1oDUb2iv5zsPEPqaLQLZ,fabda8ef-e8de-4c1c-a531-5b28e08ca722,4d3153ea-b6e1-4cb0-9646-cb7aa064684b
oI0MwO1JCr0E6qTRsaj3g,f71b42a8-125e-42c1-97d3-5ba02308cb49,9c76f1de-1658-4dfd-99f8-4b345affe002
c3lXE1uCc0spzPusTLvzp,afb41a41-114e-49a7-96a1-25f6020d7769,4dcb96f6-749a-433a-aab2-7460a543ef7a
mXufV2VW0XEmcjG9jKb8M,9c97075a-5e25-4577-ad41-810d4c6e73dc,121a93f4-c7fd-4e24-b366-885c6fd0d14c
1JdD7pRoT51K8bYukWOvB,25fd6be8-66ca-4429-ac21-e026604b6429,ada82a6a-956c-4abd-82a8-81e66cdd0e74
BNmU2tC0r4kmQEbZbVodf,d09151a7-8dd5-42c0-bcf2-8bad5c48123a,f60271e2-5d9a-4e01-bc4b-0e1343c396ed
k8ctYmMaEL4e6vOuXt9Gg,2b4945e1-cb3c-4ae3-b867-a0d75a244ffa,4cda2ef2-5f32-44c9-a0ea-cfd57739922f
gNixQ9KphZdrxCVrazBSO,11b3e0e1-154a-4453-b784-7470e5c3f519,ed41d14a-288b-43c4-9331-1e7130250019
cueijoOs4y5RJdPuNlpoh,add59939-c3f9-46f8-9e6b-d923a5c6fa31,8acc9204-f8ca-4ac3-8f8c-aad3edbf30b3
sFwTSVer3AWgstb8gYDn6,c3305455-c28e-40cc-bd68-716743a99527,24c76f91-afad-45d0-8ddf-02b8e6fd95fc
13NYTFeW9lXUwLev0nPcH,60c9ae99-53da-4f73-b503-08940625b21f,fa11972b-2c24-40ab-9088-cd526933aacd
HUDJUZwtAVMbJWjO80Kiw,a016f9c8-3a63-4eb4-9a04-60a0e9636734,76789b2d-75de-4b78-826b-800960b10016
F8ZTr0FNt443ADwExdkIp,e2255911-e759-446f-90cd-681fc92f9604,583eef9e-5715-4860-b05a-86593cf466e2
ZN0oGIUAIu6mwF3mIx2x8,5b3bde6a-772b-4b49-8a33-c338a588dc59,6da6c18a-8ee9-4518-88c0-35974ef4bd74
yLugioP2fm7iQkNl93DJb,98ab9d42-3ad3-4b4c-8891-a60d0f05bc0a,69818802-8443-48ad-ace2-0d3a70f06962
fFlxdFJIiKwTRe6jC4iQH,0d535138-7212-42e2-b68f-c29ef2c5efa6,0a4c7922-53da-47bd-bd60-a55529101cb0
bwEFSqtBhDprcHL2oWZ8i,6b6459c4-a72a-4b4f-9986-dcda5362a6c5,87fbeb21-06ac-4cfc-9f1e-a3bae0898bc5
99OTLeCbVfZsYDKxjYz7O,96b35aaa-abcf-48ac-881e-2834b0022dbc,8fc78032-34fc-417f-9d10-695661bf3bb9
N5cvhalNk0Oia6fytyg6k,708084e2-6e24-47c9-a44c-aa3dc872554c,e06df0ea-4252-45d6-8aba-d4e61cadb12c
A0TT0U2eLUTLc5TjfETbp,d6d740d2-9286-421f-ae46-6b2a41c6079f,8f39c2ce-68ac-4a46-8e51-6bc7f80931e1
MzCAJTIOmPm7sKp8Oz40C,3792b572-10f0-49b6-8e03-32fe95ae99ec,49cdd2d6-664a-49e4-b367-3896abc9e0ca
DuYZZnuQX1E1Z3mZm3Egt,492b6f99-5bdc-4eb2-ba2f-4e692de0501e,fa91592f-a2e0-4178-b002-2eebe8802400
jOjKwRXGfhOKG6HbZ6q6b,60ecc2e4-b702-4eda-85fa-502923da9eeb,5f518232-e246-46c9-b109-c07f4fb7589d
GLrMkTuEXSlyu61WWwwZP,9a8cf60c-5cfa-4461-ab33-c97d1ad2ba14,43e764be-81b4-4b4a-b7a7-58b3087ff977
OiShbpkp48ZBLzAlHerRk,fb2d1cc6-4cab-472e-9066-2749596dc867,a3ef6db7-ccff-4b07-ab3d-a73abcf6d183
aWbOREeWUv77L7xkkYFoK,98c9f42a-217d-4161-a69a-209a6d7936eb,7fc14436-57c5-408d-a0bf-02888fed3124
9UUKm9L0PNWk6CKuYLPQd,4f0daf47-860b-4076-8fce-b860fac7c74c,f93f26cc-1aac-4b60-a562-c6a855c8c049
gZj2Ad8kbOa6CxA9MaGzb,080c43b7-69cf-439b-8850-ff1fb66ae3b4,8792baa3-4685-41d1-b0da-928957c0fca0
upcrG0qXyTc4KP6UOlz0o,f29614d9-5431-43e5-b641-204cad184744,d27560db-9274-4bb4-b75c-37274e263154
bthRQYBg1XjGMfTxf9NOK,40174422-b367-49ef-81c4-f3d18ba631a5,7fa6461f-0f61-4adb-bd5a-4007523fda1b
KrkyMP60meITSBZwAFxlX,70083e88-0da2-4e82-b997-2f832b1908f5,d4ffa3b3-5a04-4848-9734-08a2c23bd259
qsDlUbxqdJFEj9Vs5RKCX,c4d1bfe1-eb3b-4e10-826f-7f223a343ba0,b3cfdbc9-e410-4f0f-a3c4-f0d747ec4337
TZr0Sc8oyN2uVbLEWrLXQ,3ddbe05e-7dcb-4fc6-9aef-f1f3ac15b3ad,026ef825-1032-440f-a4bf-15050e892b8d
LD7vC3lbjtc1QrG3Yk6gR,962f2238-de03-45df-b7e5-6bdd954d74ba,f14ddea0-63f1-487e-84ba-7f2b6283062a
hq4MEkwCAA3MZGN7Xk0F8,79a060b7-7a88-4b72-abdb-d53f5cbe6588,b1d7d507-b758-4807-a26f-ef830d5770b1
6YZMB9FtTaJSY6IVRBG6r,a8a09e29-0d63-4d94-b0fe-90a137dde34a,8aaec078-da38-45bc-b9e3-faa876244454
HmSpFGr0IAFQpFumZzqa0,b1b0d1db-a3d3-402a-8a92-4ba2b85b9726,c5cb5ec0-9543-4d49-b5d3-0be9f9ba4e69
aip4LI4CFUVssDEtWBYsa,a081158d-8ab5-4e62-9b05-fb476309972c,5e9045c5-a0bb-4289-837d-4be93d1fc24c
SppeYFG50amGGFW8TYlHt,e8490a2e-9941-4f35-a8e0-34d3ec6ab9f3,6ae97846-90eb-4d6e-9f94-c2c48fe6e274
9Xs68R3oCmzfSgCgAVXIW,c04b6c1b-6307-427c-91f2-8c1d22980a72,5e08f6a8-6077-40de-8063-edd5957e8b72
pWgMAnQP84tJrtxf5n7to,22fc1874-ccf3-4b07-b568-d1332d6fa0a5,8a9cf2b0-4f5c-442f-80bc-0cbd5bcf9ae7
zVFjz4SI6iENis2ttEhKA,bd9fd447-cd4f-4409-b5c7-5c77b2dbd9a4,af226678-755f-4b77-b70a-2baa96f36ba3
TtRlECS52hCD7mw8z1H74,49c72cbb-0726-4b97-97da-42530a75b408,0b871411-770d-42b6-91f2-69e00c6f214a
RvHliDoR2Do7qdvoQjXcJ,43c658a8-60ac-484c-ad94-acc6cf19261e,567be542-fb34-4a7e-9685-9517bf4571f0
jxaHhdeH24968kEtqtSmZ,252009c7-792c-4d33-959f-ef2d5022b642,261b06a4-da60-4444-83b3-46b1dec0d6a9
98e1LoJN0N0SPj1Zalkpp,4ebedc08-26d4-4d7d-9cf8-2e295ef6e9b3,533f22bb-6a64-44b4-98dc-1db5d5e6de75
BWNKrg8lr66VqwYmjkxJJ,76010799-6eea-4887-8fbd-dfc76429f15d,652fa9b1-f257-4260-9b56-dbcc5e1cab1b
DpUWqTeI7Nv5xNXBhjphe,869688c1-ff0b-445e-bcd5-3598998c3ad2,efe9a3e6-02d9-435c-a5f4-e60cf983889c
U0GkhK69P8algfWGKVURG,4532c13b-bce1-4e0c-957a-f13e4535fcc4,3f1d90b8-ccda-43ff-824b-8c30fa87ee9c
JPZwQzOZa5M0rETvMN5od,9897a265-bc67-427e-8ade-c1b6005c658f,69739288-3cbb-4c84-969c-9e5301c9bfdf
LhdaYeMzTKgclo3aVrbKb,cf05f85f-99e2-4f89-b08a-2e34c10e6682,e96739e4-c04a-44e0-8f35-4bf0da838d23
05V6PPU8GN8EoSAka08TP,adb3705f-9dc1-4f5d-a1b5-3a96e5913e4f,b82daddb-5741-4723-8193-7687bd198e37
q8i66pqvRCTigXjGJ1JhQ,4613f2f4-b245-4eb9-ae41-1d1c0a95937c,85e93d59-56c5-409e-8b53-25267c2be3d7
V0wpvFyCs3wh6k1xMn4al,fc2fffcd-4b82-4982-b762-c5b77c29d50f,fe89a538-ba60-416e-af93-abf08c01617f
kYNVCxD3jfsLeAGSjtbAx,efbb67f6-9714-4585-8098-35c3d44f7fe4,2c360c9f-61cc-4966-9d45-82def7cd3cd1
7T6EWiocqbp1sdwPYYQZd,51d5e2eb-dfab-4b5c-899e-cd84ba5558df,7029feff-bcac-4a20-b59d-75191ae1b305
nDLbzBxOTGGE1WyD6xCp2,680d62f3-2c31-45f2-82ca-6b99c02b6b66,9a2ca9e1-4a45-4932-b704-4549ac662b61
61a2AVYpPFeaYJo5n7UXM,6ae502a0-49b1-4128-a16e-e5285c08c042,f341c162-4588-40a2-8692-9d30820153cd
UIK9qkcyse0QwwnpGDT8D,de50847f-ec40-4ca4-8117-5e0b3e6f98a7,caa1d2c7-046f-4154-8592-be575e4e0641
MBRj1F045qNQC1K1UEjnL,c584de3f-836b-4149-948e-cf562dd57053,e3b68679-0709-4bdf-961e-58d004d6d183
INdjpB4i7sHQI6R9ZWgOU,821fb3a3-ae4a-4c13-a1af-fd1b872f7afc,2de72786-b0d1-4f15-9659-fd9b7fcd7745
fLUXVkwnMHz4RHYUTl8fm,84b7e7c4-7bbd-4168-baef-be1f021e38b5,b9576e6e-b430-4b26-b2a4-3ebfacf6b01a
2zX6i03nURM22xRpsZOkC,769f556a-8b8e-4c9a-8afe-bb4f2ae140b5,c40d000d-3368-42e0-a4a6-cb62c8391841
PQwPZJ34dkRmn8SeUL4X9,3a5c4620-4e93-4876-85af-c7227884da42,c9bb626c-93b4-48ab-a865-2a19e2af5923
VsbVLuUlifb42GJBt0vlg,22f5880f-cd14-4f25-a7d6-7d838fc81da5,ead57363-5e9c-425d-8a62-2e971d1a07aa
Ux5JBtLKGw65btlWacr3E,ee473ea4-0b18-43fe-aff7-f55f97ab9c1e,22f51adb-60a5-4a86-982a-8db0bc927270
EBjNA1rjU7uPqjXXwb5Bw,47f88388-1e1c-43af-bd60-18349e15415a,d27da5a2-697a-493f-8da8-f51b5ee3d9f4
gLMAEMI3kF7laLoXpRJSN,1ac5afaa-75d8-4091-a67b-c7f16cdb3fdc,0bf426fb-0abe-430f-bac3-8d6871c07d69
XlAEEszjTZ3pqfJZJVBvz,52672aba-8760-4e1b-b124-42ba491fb117,35ca197d-a17a-43b0-90db-dc28ffecd32a
cmxB0krTfYVgVAR66gZOy,27b84534-6028-4fb9-8932-28593a34122d,a801e090-81b0-4436-9278-76ecb3ba8943
QEt6nu2hewrDoXrTbVxL3,7f49f7e5-5808-499a-adbb-b63710f9e425,3f91f1d3-df6c-4407-bc2b-a15acee01b12
VEi22T14Chrz5OYvR863D,baaef05b-b7eb-4b73-adc8-116633a76dcb,888f8284-056e-4c52-83eb-1485cf41780d
jNcxKM1CbGrQfrzDbu689,44290f44-bb5e-45de-9e81-5cda3a474a5f,04f8b97f-eb1a-4b45-9b07-9e9d69d70ee4
Q9tcdA9sgGHbHckwEWahQ,f8a7353c-5afd-4bae-b6a6-ada2e6e91e76,8cc64928-998f-4169-934c-9a3a82128282
yZdYJ34ubtNk0ASvKT4zu,bb42650e-6884-48bb-b9f9-13b83f036836,152e23b8-faed-4e20-9f17-479527d21415
A6ZFXbzPvI1wgzC7voXfy,c9eb4125-6fbe-49e3-bc15-d3c4a9904c16,46294928-09a0-44eb-a109-a275ff1199cd
wcjkqtcUV7yu7EvvLBArS,97a2866e-2e20-4fd5-8455-f0abb29c53d0,8420086e-ec24-4df6-b2c8-d54e0d7b6808
w9psdJfO6FkkdqBuXVm2x,1d48b834-719d-451d-a6b0-82fa37cacfe3,847348cb-6b92-46fc-834e-b349adebfc80
DpO5XJuWWuwr6qkjIkLJa,ec72ffd0-447a-4cce-ad39-a4b36386a799,28d690cc-abbf-48d2-b9b5-18a246bf6238
rYwDV3yuSLrkVOau3c34a,970d0245-46c3-4aad-98ff-89338d5770e0,df3f3c13-40ed-4b12-8f24-67cd740f590a
10LEGHcp9fP9Xji3sAHCO,13220786-9ee6-4d13-9b08-a4e1a757f8e2,a7280c49-fd45-4374-9771-302fb3b163ba
YxiAzxnj66UoIpio51U6B,bf1b897d-366c-4b65-8c55-64883866f396,d025dfd2-c46d-4bf8-9857-1666cebcd9f7
pdRbeZxyboAROf9ntCvdC,0e57d0f1-cde2-4375-8528-7342a9c57f67,0b1cb2c5-8762-4793-9aae-9a24dfe70a9e
V9eCSBOlfLTFoGXPUZJ8P,47fed03d-03ab-4661-b8b4-4cc6e1fa4a4d,558a8975-0836-452f-92f5-8dcf98896b8b
nCUc0Lky7gxFjysr6Z1HI,64d745ca-77d4-4a72-a7ee-87e74beeb195,28dba7cd-acb7-460d-976d-56088a248da9
qJqtTkViAuCKdIVxE1bkY,4317206e-abe3-4bfa-920f-3fd2ccb5a4c9,52dc3175-9000-4eed-8079-084510efc3b1
DabnBo4JzljImRGMG25j6,f21f386a-1449-467a-a2df-e8ea2d12b289,26fea9b1-5bea-4375-b369-3da44ac1091d
v7xcNheKV4xaKtTNlnzwb,5c73e81f-68ee-4167-a2b2-c341a2173dea,c57acb07-c2f4-4288-b9e9-eeb94489629a
Aka8G3Q9ej7KgdK3GRG8H,cb09c89d-2c5c-442b-8dd4-6749a8a635de,74dc0f1b-d405-453e-8fd3-b1976dca427f
j3rZOEmMEREf3WMSp9oTS,e6f66dbf-6117-4f60-ad5e-dbb5d65663ee,10c95498-2938-435a-ad2d-1822c7e65477
AcakJzxPoMijKcZxLhNSu,49934bf5-bb5a-4340-b84e-68bccb184f98,059b0cca-5bcf-4849-86e1-d1c8df0c3127
nHcZJS740aZOrdu8TyFDA,90ccdb2e-a475-4378-a98f-0854d4f4a2fc,51fe4c3e-a70a-4ffb-9014-6d1ca3f7a24e
pu8hblh2N3aqorNMp5WKL,0eacfe39-af5c-4e69-b818-89b8cc963820,b0d69c41-9529-4bd1-8a7b-c5a29add7a49
ABE2Al1Mz7WM782NLZyC8,56215376-53ab-444f-b39d-f7b421835cbd,692b7cb3-5dd4-4314-b00d-23be897fdd90
feIJToztquK4DvhQdEV52,8bd474d1-f62a-481e-9005-1d512fdf6809,9525778a-1214-4456-b0f1-b6a1ff228059
lKaEHCdBuf316fOgLV5PJ,7d58b2a3-a412-4dbd-9683-3486126618b0,99abc57a-7c44-4a34-aee6-3b00215276cd
0f5VwIirvEAdsdbtj4aAi,fb048080-d044-4dc1-ac1c-f1609e6d1820,a4f582b1-026e-4220-9bf3-719cebe87c2e
i6I9mdlV6HeiIYiq7iHrG,e620661b-66b8-41fe-bd6d-ed8ba9680f52,34b9d42e-6114-4627-8daf-8b7766bccd73
FRWd8URJVDHnmYUYYUKO3,d702a00a-7e8c-4c0d-993f-9633c38fb4b1,ce7bcbe4-d5e0-4105-b8ab-b0bff46e7322
ty6j5aZP9mOCMHAqm8XFl,65b0cd2b-5296-45c5-aa64-87c9b03c06bd,b45aef01-a816-45bf-b2f8-dca7a61e8a6d
n4NBsRH8gOYVxOZPOOv09,5197799d-13ee-4269-a9a2-a0949014c045,c95c7050-fb69-4052-8fb4-56709c099f2e
LEPDH1S2pthLluo9IsyMv,ad8ad40b-4e5a-4290-adae-3505c7f2d4ef,dafd1432-0b36-4c1a-a178-256ba543522d
XVqq55pnANEKri9536Wa4,31fada19-b361-4373-901c-0d3d9b235996,ecaa36e0-30e2-4bf7-a394-82eb35c9c5a0
TmOb6a9xBm2ipT7VBebbY,2fd55631-de62-43b8-91db-e4d4c882dfd5,ec3308db-afdc-4ff4-aec0-f7a941f4fd1a
wHBJB6Fx4efGdlxnNST1Y,2c0a0e07-2e28-4e43-a058-8d3f5a7b6041,0d4b8c1f-b036-4ad0-b07b-d04ed6849690
8fghzyLqXzVLqnNczjecQ,478febb4-35db-4ba3-b33a-eb492cf18b2d,d920275f-120c-4845-a20e-59bc1ac4b13b
AByuupyIZZwnvnW8Gl0DH,ab59a0b4-32e7-4c26-a30c-4918c4de683e,93b75755-b2e8-49dc-858d-2ea27f8bd08e
7G9Lx46J15vd6ZSEF7jdi,730998ec-fddd-419f-8975-ac2402c31292,bb499aa0-b37c-48d5-8c19-8331cce5650c
IK58u2nio2SzZFRNXkTX7,5e1ef4cd-829c-4baa-90fb-e68d65606632,af268be7-b81a-4766-a6b0-11134460a55b
E9cX10W5fgYaEABcQcePb,bb22545b-47c4-46e7-8899-3e8309713c07,10f887e9-1ad1-443f-a73b-dba1623e51b4
8kpdhPenLYhP0wWgkUw6h,f6777736-b483-49d2-8132-69f1b5908458,6658c6ef-0a01-4257-89f8-89e1a344fcff
yLHHHrKUht6TkekF3t6ea,52a87ac3-e28f-4765-a790-afcb0eb2e651,0ec89c6b-731c-43ee-b649-56fc20ddf772
CoAlEeW0g6jnR8lWBHBe4,70151f7d-e485-488a-9b21-9f07ae710dab,4da0036f-2838-4517-9ac3-e7082ecc46c8
lJkpGsFtzYg1CpmIDG2GD,8e4a735a-506a-4529-ae35-dcb42651b3cc,d398e765-a59f-4791-9526-6e1f3846b1cb
GtlnR2YuR2vXA1NoCnuKN,257eacd7-a57c-4ef5-868a-446e645b8060,8ff44643-56bd-48f4-acfd-3b967706aac2
xlZ1qzHJPu3UqfaF6Dlha,87604379-1cc4-419e-817c-ef2bf68b2c00,612ee533-2a11-4edd-beca-6d3fb976c376
nGJwfdkjXlCQBQsl24HDo,b54c3fd9-1fa2-4842-992a-c0cbada7de4f,b51959bb-9998-4ba4-b276-491577d7a38e
ZyCEGdklE9MkvUKxuPvtD,ba5df8c5-2e23-4546-9b1b-2f324571605c,91d13967-2773-49b6-8a73-e0ed9010dabb
XQrslJEpxtpWST06r80xq,b916bb5d-131b-48be-bbd1-ce7f8e627570,846088ff-3d63-495a-b124-581b814d010a
kpwuI1RlfJx2ZMXpVNwe9,bf8b745d-4cec-4ce6-af62-3c8afd693399,242f30e5-d2bc-4e38-af82-1ded1dad7905
